PRAGMA foreign_keys=OFF;
BEGIN TRANSACTION;
CREATE TABLE experiment_run (
      run_id INTEGER NOT NULL PRIMARY KEY AUTOINCREMENT,
      created TEXT NOT NULL,
      modified TEXT NOT NULL,
      start INTEGER NOT NULL,
      finish INTEGER,
      chunk_unit TEXT NOT NULL,
      chunk_size INTEGER NOT NULL,
      completed INTEGER NOT NULL,
      total INTEGER NOT NULL,
      failed INTEGER NOT NULL,
      queuing INTEGER NOT NULL,
      running INTEGER NOT NULL,
      submitted INTEGER NOT NULL,
      suspended INTEGER NOT NULL DEFAULT 0,
      metadata TEXT
      );
INSERT INTO experiment_run VALUES(1,'2023-05-02-09:38:25','2023-05-02-09:41:07',1683013105,1683013267,'',1,0,0,0,0,0,0,0,'{"PROJDIR": "/home/dbeltran/new_autosubmit/a00a/proj/project_files", "ROOTDIR": "/home/dbeltran/new_autosubmit/a00a", "CONFIG": {"AUTOSUBMIT_VERSION": "4.0.0b", "TOTALJOBS": 20, "MAXWAITINGJOBS": 20}, "DEFAULT": {"EXPID": "a00a", "HPCARCH": "local", "CUSTOM_CONFIG": "/home/dbeltran/new_autosubmit/a00a/proj/git_project/"}, "PROJECT": {"PROJECT_TYPE": "git", "PROJECT_DESTINATION": "git_project"}, "GIT": {"PROJECT_ORIGIN": "https://earth.bsc.es/gitlab/ces/auto-advanced_config_example", "PROJECT_BRANCH": "main", "PROJECT_COMMIT": "", "PROJECT_SUBMODULES": "", "FETCH_SINGLE_BRANCH": true}, "STORAGE": {}}');
INSERT INTO experiment_run VALUES(2,'2023-05-02-09:41:07','2023-05-02-09:52:12',1683013267,1683013932,'month',4,8,8,0,0,0,0,0,'{"PROJDIR": "/home/dbeltran/new_autosubmit/a00a/proj/project_files", "ROOTDIR": "/home/dbeltran/new_autosubmit/a00a", "JOBS": {"LOCAL_SETUP": {"FILE": "LOCAL_SETUP.sh", "PLATFORM": "LOCAL", "RUNNING": "once", "DEPENDENCIES": {}, "ADDITIONAL_FILES": []}, "REMOTE_SETUP": {"FILE": "REMOTE_SETUP.sh", "DEPENDENCIES": {"LOCAL_SETUP": {}}, "WALLCLOCK": "00:05", "RUNNING": "once", "ADDITIONAL_FILES": []}, "INI": {"FILE": "INI.sh", "DEPENDENCIES": {"REMOTE_SETUP": {}}, "RUNNING": "member", "WALLCLOCK": "00:05", "ADDITIONAL_FILES": []}, "SIM": {"FILE": "SIM.sh", "DEPENDENCIES": {"INI": {}, "SIM-1": {}}, "RUNNING": "chunk", "WALLCLOCK": "00:05", "ADDITIONAL_FILES": []}, "POST": {"FILE": "POST.sh", "DEPENDENCIES": {"SIM": {}}, "RUNNING": "once", "WALLCLOCK": "00:05", "ADDITIONAL_FILES": []}, "CLEAN": {"FILE": "CLEAN.sh", "DEPENDENCIES": {"POST": {}}, "RUNNING": "once", "WALLCLOCK": "00:05", "ADDITIONAL_FILES": []}, "TRANSFER": {"FILE": "TRANSFER.sh", "PLATFORM": "LOCAL", "DEPENDENCIES": {"CLEAN": {}}, "RUNNING": "member", "ADDITIONAL_FILES": []}}, "PLATFORMS": {"MARENOSTRUM4": {"TYPE": "slurm", "HOST": "mn1.bsc.es", "PROJECT": "bsc32", "USER": "bsc32xxx", "QUEUE": "debug", "SCRATCH_DIR": "/gpfs/scratch", "ADD_PROJECT_TO_HOST": false, "MAX_WALLCLOCK": "48:00", "TEMP_DIR": ""}, "MARENOSTRUM_ARCHIVE": {"TYPE": "ps", "HOST": "dt02.bsc.es", "PROJECT": "bsc32", "USER": "bsc32xxx", "SCRATCH_DIR": "/gpfs/scratch", "ADD_PROJECT_TO_HOST": false, "TEST_SUITE": false}, "TRANSFER_NODE": {"TYPE": "ps", "HOST": "dt01.bsc.es", "PROJECT": "bsc32", "USER": "bsc32xxx", "ADD_PROJECT_TO_HOST": false, "SCRATCH_DIR": "/gpfs/scratch"}, "TRANSFER_NODE_BSCEARTH000": {"TYPE": "ps", "HOST": "bscearth000", "USER": "dbeltran", "PROJECT": "Earth", "ADD_PROJECT_TO_HOST": false, "QUEUE": "serial", "SCRATCH_DIR": "/esarchive/scratch"}, "BSCEARTH000": {"TYPE": "ps", "HOST": "bscearth000", "USER": "dbeltran", "PROJECT": "Earth", "ADD_PROJECT_TO_HOST": false, "QUEUE": "serial", "SCRATCH_DIR": "/esarchive/scratch"}, "NORD3": {"TYPE": "SLURM", "HOST": "nord1.bsc.es", "PROJECT": "bsc32", "USER": "bsc32xxx", "QUEUE": "debug", "SCRATCH_DIR": "/gpfs/scratch", "MAX_WALLCLOCK": "48:00"}, "ECMWF-XC40": {"TYPE": "ecaccess", "VERSION": "pbs", "HOST": "cca", "USER": "c3d", "PROJECT": "spesiccf", "ADD_PROJECT_TO_HOST": false, "SCRATCH_DIR": "/scratch/ms", "QUEUE": "np", "SERIAL_QUEUE": "ns", "MAX_WALLCLOCK": "48:00"}}, "DEFAULT": {"EXPID": "a04c", "HPCARCH": "local", "CUSTOM_CONFIG": "/home/dbeltran/new_autosubmit/a00a/proj/git_project/as_conf"}, "EXPERIMENT": {"DATELIST": 20220401, "MEMBERS": "fc0", "CHUNKSIZEUNIT": "month", "CHUNKSIZE": 4, "NUMCHUNKS": 2, "CHUNKINI": "", "CALENDAR": "standard"}, "PROJECT": {"PROJECT_TYPE": "none", "PROJECT_DESTINATION": ""}, "GIT": {"PROJECT_ORIGIN": "", "PROJECT_BRANCH": "", "PROJECT_COMMIT": "", "PROJECT_SUBMODULES": "", "FETCH_SINGLE_BRANCH": true}, "SVN": {"PROJECT_URL": "", "PROJECT_REVISION": ""}, "LOCAL": {"PROJECT_PATH": ""}, "PROJECT_FILES": {"FILE_PROJECT_CONF": "", "FILE_JOBS_CONF": "", "JOB_SCRIPTS_TYPE": ""}, "RERUN": {"RERUN": false, "RERUN_JOBLIST": ""}, "CONFIG": {"AUTOSUBMIT_VERSION": "4.0.0b", "MAXWAITINGJOBS": 20, "TOTALJOBS": 20, "SAFETYSLEEPTIME": 10, "RETRIALS": 0}, "MAIL": {"NOTIFICATIONS": false, "TO": null}, "STORAGE": {"TYPE": "pkl", "COPY_REMOTE_LOGS": true}}');
INSERT INTO experiment_run VALUES(3,'2023-05-02-09:52:12','2023-05-02-09:56:56',1683013932,1683014216,'month',4,0,8,0,0,0,0,0,'{"PROJDIR": "/home/dbeltran/new_autosubmit/a00a/proj/project_files", "ROOTDIR": "/home/dbeltran/new_autosubmit/a00a", "JOBS": {"LOCAL_SETUP": {"FILE": "LOCAL_SETUP.sh", "PLATFORM": "LOCAL", "RUNNING": "once", "DEPENDENCIES": {}, "ADDITIONAL_FILES": []}, "REMOTE_SETUP": {"FILE": "REMOTE_SETUP.sh", "DEPENDENCIES": {"LOCAL_SETUP": {}}, "WALLCLOCK": "00:05", "RUNNING": "once", "ADDITIONAL_FILES": []}, "INI": {"FILE": "INI.sh", "DEPENDENCIES": {"REMOTE_SETUP": {}}, "RUNNING": "member", "WALLCLOCK": "00:05", "ADDITIONAL_FILES": []}, "SIM": {"FILE": "SIM.sh", "DEPENDENCIES": {"INI": {}, "SIM-1": {}}, "RUNNING": "chunk", "WALLCLOCK": "00:05", "ADDITIONAL_FILES": []}, "POST": {"FILE": "POST.sh", "DEPENDENCIES": {"SIM": {}}, "RUNNING": "once", "WALLCLOCK": "00:05", "ADDITIONAL_FILES": []}, "CLEAN": {"FILE": "CLEAN.sh", "DEPENDENCIES": {"POST": {}}, "RUNNING": "once", "WALLCLOCK": "00:05", "ADDITIONAL_FILES": []}, "TRANSFER": {"FILE": "TRANSFER.sh", "PLATFORM": "LOCAL", "DEPENDENCIES": {"CLEAN": {}}, "RUNNING": "member", "ADDITIONAL_FILES": []}}, "PLATFORMS": {"MARENOSTRUM4": {"TYPE": "slurm", "HOST": "mn1.bsc.es", "PROJECT": "bsc32", "USER": "bsc32xxx", "QUEUE": "debug", "SCRATCH_DIR": "/gpfs/scratch", "ADD_PROJECT_TO_HOST": false, "MAX_WALLCLOCK": "48:00", "TEMP_DIR": ""}, "MARENOSTRUM_ARCHIVE": {"TYPE": "ps", "HOST": "dt02.bsc.es", "PROJECT": "bsc32", "USER": "bsc32xxx", "SCRATCH_DIR": "/gpfs/scratch", "ADD_PROJECT_TO_HOST": false, "TEST_SUITE": false}, "TRANSFER_NODE": {"TYPE": "ps", "HOST": "dt01.bsc.es", "PROJECT": "bsc32", "USER": "bsc32xxx", "ADD_PROJECT_TO_HOST": false, "SCRATCH_DIR": "/gpfs/scratch"}, "TRANSFER_NODE_BSCEARTH000": {"TYPE": "ps", "HOST": "bscearth000", "USER": "dbeltran", "PROJECT": "Earth", "ADD_PROJECT_TO_HOST": false, "QUEUE": "serial", "SCRATCH_DIR": "/esarchive/scratch"}, "BSCEARTH000": {"TYPE": "ps", "HOST": "bscearth000", "USER": "dbeltran", "PROJECT": "Earth", "ADD_PROJECT_TO_HOST": false, "QUEUE": "serial", "SCRATCH_DIR": "/esarchive/scratch"}, "NORD3": {"TYPE": "SLURM", "HOST": "nord1.bsc.es", "PROJECT": "bsc32", "USER": "bsc32xxx", "QUEUE": "debug", "SCRATCH_DIR": "/gpfs/scratch", "MAX_WALLCLOCK": "48:00"}, "ECMWF-XC40": {"TYPE": "ecaccess", "VERSION": "pbs", "HOST": "cca", "USER": "c3d", "PROJECT": "spesiccf", "ADD_PROJECT_TO_HOST": false, "SCRATCH_DIR": "/scratch/ms", "QUEUE": "np", "SERIAL_QUEUE": "ns", "MAX_WALLCLOCK": "48:00"}}, "DEFAULT": {"EXPID": "a04c", "HPCARCH": "local", "CUSTOM_CONFIG": "/home/dbeltran/new_autosubmit/a00a/proj/git_project/as_conf"}, "EXPERIMENT": {"DATELIST": 20220401, "MEMBERS": "fc0", "CHUNKSIZEUNIT": "month", "CHUNKSIZE": 4, "NUMCHUNKS": 2, "CHUNKINI": "", "CALENDAR": "standard"}, "PROJECT": {"PROJECT_TYPE": "none", "PROJECT_DESTINATION": ""}, "GIT": {"PROJECT_ORIGIN": "", "PROJECT_BRANCH": "", "PROJECT_COMMIT": "", "PROJECT_SUBMODULES": "", "FETCH_SINGLE_BRANCH": true}, "SVN": {"PROJECT_URL": "", "PROJECT_REVISION": ""}, "LOCAL": {"PROJECT_PATH": ""}, "PROJECT_FILES": {"FILE_PROJECT_CONF": "", "FILE_JOBS_CONF": "", "JOB_SCRIPTS_TYPE": ""}, "RERUN": {"RERUN": false, "RERUN_JOBLIST": ""}, "CONFIG": {"AUTOSUBMIT_VERSION": "4.0.0b", "MAXWAITINGJOBS": 20, "TOTALJOBS": 20, "SAFETYSLEEPTIME": 10, "RETRIALS": 0}, "MAIL": {"NOTIFICATIONS": false, "TO": null}, "STORAGE": {"TYPE": "pkl", "COPY_REMOTE_LOGS": true}}');
INSERT INTO experiment_run VALUES(4,'2023-05-02-09:56:56','2023-05-02-09:57:00',1683014216,1683014220,'month',4,0,8,0,0,0,0,0,'{"PROJDIR": "/home/dbeltran/new_autosubmit/a00a/proj/project_files", "ROOTDIR": "/home/dbeltran/new_autosubmit/a00a", "JOBS": {"LOCAL_SETUP": {"FILE": "LOCAL_SETUP.sh", "PLATFORM": "LOCAL", "RUNNING": "once", "DEPENDENCIES": {}, "ADDITIONAL_FILES": []}, "REMOTE_SETUP": {"FILE": "REMOTE_SETUP.sh", "DEPENDENCIES": {"LOCAL_SETUP": {}}, "WALLCLOCK": "00:05", "RUNNING": "once", "ADDITIONAL_FILES": []}, "INI": {"FILE": "INI.sh", "DEPENDENCIES": {"REMOTE_SETUP": {}}, "RUNNING": "member", "WALLCLOCK": "00:05", "ADDITIONAL_FILES": []}, "SIM": {"FILE": "SIM.sh", "DEPENDENCIES": {"INI": {}, "SIM-1": {}}, "RUNNING": "chunk", "WALLCLOCK": "00:05", "ADDITIONAL_FILES": []}, "POST": {"FILE": "POST.sh", "DEPENDENCIES": {"SIM": {}}, "RUNNING": "once", "WALLCLOCK": "00:05", "ADDITIONAL_FILES": []}, "CLEAN": {"FILE": "CLEAN.sh", "DEPENDENCIES": {"POST": {}}, "RUNNING": "once", "WALLCLOCK": "00:05", "ADDITIONAL_FILES": []}, "TRANSFER": {"FILE": "TRANSFER.sh", "PLATFORM": "LOCAL", "DEPENDENCIES": {"CLEAN": {}}, "RUNNING": "member", "ADDITIONAL_FILES": []}}, "PLATFORMS": {"MARENOSTRUM4": {"TYPE": "slurm", "HOST": "mn1.bsc.es", "PROJECT": "bsc32", "USER": "bsc32xxx", "QUEUE": "debug", "SCRATCH_DIR": "/gpfs/scratch", "ADD_PROJECT_TO_HOST": false, "MAX_WALLCLOCK": "48:00", "TEMP_DIR": ""}, "MARENOSTRUM_ARCHIVE": {"TYPE": "ps", "HOST": "dt02.bsc.es", "PROJECT": "bsc32", "USER": "bsc32xxx", "SCRATCH_DIR": "/gpfs/scratch", "ADD_PROJECT_TO_HOST": false, "TEST_SUITE": false}, "TRANSFER_NODE": {"TYPE": "ps", "HOST": "dt01.bsc.es", "PROJECT": "bsc32", "USER": "bsc32xxx", "ADD_PROJECT_TO_HOST": false, "SCRATCH_DIR": "/gpfs/scratch"}, "TRANSFER_NODE_BSCEARTH000": {"TYPE": "ps", "HOST": "bscearth000", "USER": "dbeltran", "PROJECT": "Earth", "ADD_PROJECT_TO_HOST": false, "QUEUE": "serial", "SCRATCH_DIR": "/esarchive/scratch"}, "BSCEARTH000": {"TYPE": "ps", "HOST": "bscearth000", "USER": "dbeltran", "PROJECT": "Earth", "ADD_PROJECT_TO_HOST": false, "QUEUE": "serial", "SCRATCH_DIR": "/esarchive/scratch"}, "NORD3": {"TYPE": "SLURM", "HOST": "nord1.bsc.es", "PROJECT": "bsc32", "USER": "bsc32xxx", "QUEUE": "debug", "SCRATCH_DIR": "/gpfs/scratch", "MAX_WALLCLOCK": "48:00"}, "ECMWF-XC40": {"TYPE": "ecaccess", "VERSION": "pbs", "HOST": "cca", "USER": "c3d", "PROJECT": "spesiccf", "ADD_PROJECT_TO_HOST": false, "SCRATCH_DIR": "/scratch/ms", "QUEUE": "np", "SERIAL_QUEUE": "ns", "MAX_WALLCLOCK": "48:00"}}, "DEFAULT": {"EXPID": "a04c", "HPCARCH": "local", "CUSTOM_CONFIG": "/home/dbeltran/new_autosubmit/a00a/proj/git_project/as_conf"}, "EXPERIMENT": {"DATELIST": 20220401, "MEMBERS": "fc0", "CHUNKSIZEUNIT": "month", "CHUNKSIZE": 4, "NUMCHUNKS": 2, "CHUNKINI": "", "CALENDAR": "standard"}, "PROJECT": {"PROJECT_TYPE": "none", "PROJECT_DESTINATION": ""}, "GIT": {"PROJECT_ORIGIN": "", "PROJECT_BRANCH": "", "PROJECT_COMMIT": "", "PROJECT_SUBMODULES": "", "FETCH_SINGLE_BRANCH": true}, "SVN": {"PROJECT_URL": "", "PROJECT_REVISION": ""}, "LOCAL": {"PROJECT_PATH": ""}, "PROJECT_FILES": {"FILE_PROJECT_CONF": "", "FILE_JOBS_CONF": "", "JOB_SCRIPTS_TYPE": ""}, "RERUN": {"RERUN": false, "RERUN_JOBLIST": ""}, "CONFIG": {"AUTOSUBMIT_VERSION": "4.0.0b", "MAXWAITINGJOBS": 20, "TOTALJOBS": 20, "SAFETYSLEEPTIME": 10, "RETRIALS": 0}, "MAIL": {"NOTIFICATIONS": false, "TO": null}, "STORAGE": {"TYPE": "pkl", "COPY_REMOTE_LOGS": true}}');
INSERT INTO experiment_run VALUES(5,'2023-05-02-09:57:00','2023-05-02-09:59:43',1683014220,1683014383,'month',4,8,8,0,0,0,0,0,'{"PROJDIR": "/home/dbeltran/new_autosubmit/a00a/proj/project_files", "ROOTDIR": "/home/dbeltran/new_autosubmit/a00a", "JOBS": {"LOCAL_SETUP": {"FILE": "LOCAL_SETUP.sh", "PLATFORM": "LOCAL", "RUNNING": "once", "DEPENDENCIES": {}, "ADDITIONAL_FILES": []}, "REMOTE_SETUP": {"FILE": "REMOTE_SETUP.sh", "DEPENDENCIES": {"LOCAL_SETUP": {}}, "WALLCLOCK": "00:05", "RUNNING": "once", "ADDITIONAL_FILES": []}, "INI": {"FILE": "INI.sh", "DEPENDENCIES": {"REMOTE_SETUP": {}}, "RUNNING": "member", "WALLCLOCK": "00:05", "ADDITIONAL_FILES": []}, "SIM": {"FILE": "SIM.sh", "DEPENDENCIES": {"INI": {}, "SIM-1": {}}, "RUNNING": "chunk", "WALLCLOCK": "00:05", "ADDITIONAL_FILES": []}, "POST": {"FILE": "POST.sh", "DEPENDENCIES": {"SIM": {}}, "RUNNING": "once", "WALLCLOCK": "00:05", "ADDITIONAL_FILES": []}, "CLEAN": {"FILE": "CLEAN.sh", "DEPENDENCIES": {"POST": {}}, "RUNNING": "once", "WALLCLOCK": "00:05", "ADDITIONAL_FILES": []}, "TRANSFER": {"FILE": "TRANSFER.sh", "PLATFORM": "LOCAL", "DEPENDENCIES": {"CLEAN": {}}, "RUNNING": "member", "ADDITIONAL_FILES": []}}, "PLATFORMS": {"MARENOSTRUM4": {"TYPE": "slurm", "HOST": "mn1.bsc.es", "PROJECT": "bsc32", "USER": "bsc32xxx", "QUEUE": "debug", "SCRATCH_DIR": "/gpfs/scratch", "ADD_PROJECT_TO_HOST": false, "MAX_WALLCLOCK": "48:00", "TEMP_DIR": ""}, "MARENOSTRUM_ARCHIVE": {"TYPE": "ps", "HOST": "dt02.bsc.es", "PROJECT": "bsc32", "USER": "bsc32xxx", "SCRATCH_DIR": "/gpfs/scratch", "ADD_PROJECT_TO_HOST": false, "TEST_SUITE": false}, "TRANSFER_NODE": {"TYPE": "ps", "HOST": "dt01.bsc.es", "PROJECT": "bsc32", "USER": "bsc32xxx", "ADD_PROJECT_TO_HOST": false, "SCRATCH_DIR": "/gpfs/scratch"}, "TRANSFER_NODE_BSCEARTH000": {"TYPE": "ps", "HOST": "bscearth000", "USER": "dbeltran", "PROJECT": "Earth", "ADD_PROJECT_TO_HOST": false, "QUEUE": "serial", "SCRATCH_DIR": "/esarchive/scratch"}, "BSCEARTH000": {"TYPE": "ps", "HOST": "bscearth000", "USER": "dbeltran", "PROJECT": "Earth", "ADD_PROJECT_TO_HOST": false, "QUEUE": "serial", "SCRATCH_DIR": "/esarchive/scratch"}, "NORD3": {"TYPE": "SLURM", "HOST": "nord1.bsc.es", "PROJECT": "bsc32", "USER": "bsc32xxx", "QUEUE": "debug", "SCRATCH_DIR": "/gpfs/scratch", "MAX_WALLCLOCK": "48:00"}, "ECMWF-XC40": {"TYPE": "ecaccess", "VERSION": "pbs", "HOST": "cca", "USER": "c3d", "PROJECT": "spesiccf", "ADD_PROJECT_TO_HOST": false, "SCRATCH_DIR": "/scratch/ms", "QUEUE": "np", "SERIAL_QUEUE": "ns", "MAX_WALLCLOCK": "48:00"}}, "DEFAULT": {"EXPID": "a04c", "HPCARCH": "local", "CUSTOM_CONFIG": "/home/dbeltran/new_autosubmit/a00a/proj/git_project/as_conf"}, "EXPERIMENT": {"DATELIST": 20220401, "MEMBERS": "fc0", "CHUNKSIZEUNIT": "month", "CHUNKSIZE": 4, "NUMCHUNKS": 2, "CHUNKINI": "", "CALENDAR": "standard"}, "PROJECT": {"PROJECT_TYPE": "none", "PROJECT_DESTINATION": ""}, "GIT": {"PROJECT_ORIGIN": "", "PROJECT_BRANCH": "", "PROJECT_COMMIT": "", "PROJECT_SUBMODULES": "", "FETCH_SINGLE_BRANCH": true}, "SVN": {"PROJECT_URL": "", "PROJECT_REVISION": ""}, "LOCAL": {"PROJECT_PATH": ""}, "PROJECT_FILES": {"FILE_PROJECT_CONF": "", "FILE_JOBS_CONF": "", "JOB_SCRIPTS_TYPE": ""}, "RERUN": {"RERUN": false, "RERUN_JOBLIST": ""}, "CONFIG": {"AUTOSUBMIT_VERSION": "4.0.0b", "MAXWAITINGJOBS": 20, "TOTALJOBS": 20, "SAFETYSLEEPTIME": 10, "RETRIALS": 0}, "MAIL": {"NOTIFICATIONS": false, "TO": null}, "STORAGE": {"TYPE": "pkl", "COPY_REMOTE_LOGS": true}}');
INSERT INTO experiment_run VALUES(6,'2023-05-02-09:59:43','2023-05-02-09:59:59',1683014383,0,'month',4,1,8,0,0,0,1,0,'{"PROJDIR": "/home/dbeltran/new_autosubmit/a00a/proj/project_files", "ROOTDIR": "/home/dbeltran/new_autosubmit/a00a", "JOBS": {"LOCAL_SETUP": {"FILE": "LOCAL_SETUP.sh", "PLATFORM": "LOCAL", "RUNNING": "once", "DEPENDENCIES": {}, "ADDITIONAL_FILES": []}, "REMOTE_SETUP": {"FILE": "REMOTE_SETUP.sh", "DEPENDENCIES": {"LOCAL_SETUP": {}}, "WALLCLOCK": "00:05", "RUNNING": "once", "ADDITIONAL_FILES": []}, "INI": {"FILE": "INI.sh", "DEPENDENCIES": {"REMOTE_SETUP": {}}, "RUNNING": "member", "WALLCLOCK": "00:05", "ADDITIONAL_FILES": []}, "SIM": {"FILE": "SIM.sh", "DEPENDENCIES": {"INI": {}, "SIM-1": {}}, "RUNNING": "chunk", "WALLCLOCK": "00:05", "ADDITIONAL_FILES": []}, "POST": {"FILE": "POST.sh", "DEPENDENCIES": {"SIM": {}}, "RUNNING": "once", "WALLCLOCK": "00:05", "ADDITIONAL_FILES": []}, "CLEAN": {"FILE": "CLEAN.sh", "DEPENDENCIES": {"POST": {}}, "RUNNING": "once", "WALLCLOCK": "00:05", "ADDITIONAL_FILES": []}, "TRANSFER": {"FILE": "TRANSFER.sh", "PLATFORM": "LOCAL", "DEPENDENCIES": {"CLEAN": {}}, "RUNNING": "member", "ADDITIONAL_FILES": []}}, "PLATFORMS": {"MARENOSTRUM4": {"TYPE": "slurm", "HOST": "mn1.bsc.es", "PROJECT": "bsc32", "USER": "bsc32xxx", "QUEUE": "debug", "SCRATCH_DIR": "/gpfs/scratch", "ADD_PROJECT_TO_HOST": false, "MAX_WALLCLOCK": "48:00", "TEMP_DIR": ""}, "MARENOSTRUM_ARCHIVE": {"TYPE": "ps", "HOST": "dt02.bsc.es", "PROJECT": "bsc32", "USER": "bsc32xxx", "SCRATCH_DIR": "/gpfs/scratch", "ADD_PROJECT_TO_HOST": false, "TEST_SUITE": false}, "TRANSFER_NODE": {"TYPE": "ps", "HOST": "dt01.bsc.es", "PROJECT": "bsc32", "USER": "bsc32xxx", "ADD_PROJECT_TO_HOST": false, "SCRATCH_DIR": "/gpfs/scratch"}, "TRANSFER_NODE_BSCEARTH000": {"TYPE": "ps", "HOST": "bscearth000", "USER": "dbeltran", "PROJECT": "Earth", "ADD_PROJECT_TO_HOST": false, "QUEUE": "serial", "SCRATCH_DIR": "/esarchive/scratch"}, "BSCEARTH000": {"TYPE": "ps", "HOST": "bscearth000", "USER": "dbeltran", "PROJECT": "Earth", "ADD_PROJECT_TO_HOST": false, "QUEUE": "serial", "SCRATCH_DIR": "/esarchive/scratch"}, "NORD3": {"TYPE": "SLURM", "HOST": "nord1.bsc.es", "PROJECT": "bsc32", "USER": "bsc32xxx", "QUEUE": "debug", "SCRATCH_DIR": "/gpfs/scratch", "MAX_WALLCLOCK": "48:00"}, "ECMWF-XC40": {"TYPE": "ecaccess", "VERSION": "pbs", "HOST": "cca", "USER": "c3d", "PROJECT": "spesiccf", "ADD_PROJECT_TO_HOST": false, "SCRATCH_DIR": "/scratch/ms", "QUEUE": "np", "SERIAL_QUEUE": "ns", "MAX_WALLCLOCK": "48:00"}}, "DEFAULT": {"EXPID": "a04c", "HPCARCH": "local", "CUSTOM_CONFIG": "/home/dbeltran/new_autosubmit/a00a/proj/git_project/as_conf"}, "EXPERIMENT": {"DATELIST": 20220401, "MEMBERS": "fc0", "CHUNKSIZEUNIT": "month", "CHUNKSIZE": 4, "NUMCHUNKS": 2, "CHUNKINI": "", "CALENDAR": "standard"}, "PROJECT": {"PROJECT_TYPE": "none", "PROJECT_DESTINATION": ""}, "GIT": {"PROJECT_ORIGIN": "", "PROJECT_BRANCH": "", "PROJECT_COMMIT": "", "PROJECT_SUBMODULES": "", "FETCH_SINGLE_BRANCH": true}, "SVN": {"PROJECT_URL": "", "PROJECT_REVISION": ""}, "LOCAL": {"PROJECT_PATH": ""}, "PROJECT_FILES": {"FILE_PROJECT_CONF": "", "FILE_JOBS_CONF": "", "JOB_SCRIPTS_TYPE": ""}, "RERUN": {"RERUN": false, "RERUN_JOBLIST": ""}, "CONFIG": {"AUTOSUBMIT_VERSION": "4.0.0b", "MAXWAITINGJOBS": 20, "TOTALJOBS": 20, "SAFETYSLEEPTIME": 10, "RETRIALS": 0}, "MAIL": {"NOTIFICATIONS": false, "TO": null}, "STORAGE": {"TYPE": "pkl", "COPY_REMOTE_LOGS": true}}');
CREATE TABLE job_data (
      id INTEGER NOT NULL PRIMARY KEY AUTOINCREMENT,
      counter INTEGER NOT NULL,
      job_name TEXT NOT NULL,
      created TEXT NOT NULL,
      modified TEXT NOT NULL,
      submit INTEGER NOT NULL,
      start INTEGER NOT NULL,
      finish INTEGER NOT NULL,
      status TEXT NOT NULL,
      rowtype INTEGER NOT NULL,
      ncpus INTEGER NOT NULL,
      wallclock TEXT NOT NULL,
      qos TEXT NOT NULL,
      energy INTEGER NOT NULL,
      date TEXT NOT NULL,
      section TEXT NOT NULL,
      member TEXT NOT NULL,
      chunk INTEGER NOT NULL,
      last INTEGER NOT NULL,
      platform TEXT NOT NULL,
      job_id INTEGER NOT NULL,
      extra_data TEXT NOT NULL,
      nnodes INTEGER NOT NULL DEFAULT 0,
      run_id INTEGER,
      MaxRSS REAL NOT NULL DEFAULT 0.0,
      AveRSS REAL NOT NULL DEFAULT 0.0,
      out TEXT NOT NULL,
      err TEXT NOT NULL,
      rowstatus INTEGER NOT NULL DEFAULT 0,
      children TEXT,
      platform_output TEXT,
      UNIQUE(counter,job_name)
      );
INSERT INTO job_data VALUES(1,0,'a00a_LOCAL_SETUP','2023-05-02-09:41:11','2023-05-02-09:52:15',1683013271,1683013271,1683013276,'COMPLETED',2,1,'00:00','debug',0,'','LOCAL_SETUP','',0,0,'LOCAL',14486,'',0,2,0.0,0.0,'a00a_LOCAL_SETUP.20230502094123.out','a00a_LOCAL_SETUP.20230502094123.err',5,'a00a_REMOTE_SETUP','');
INSERT INTO job_data VALUES(2,0,'a00a_REMOTE_SETUP','2023-05-02-09:41:23','2023-05-02-09:57:12',1683013283,1683013283,1683013288,'COMPLETED',2,1,'00:05','debug',0,'','REMOTE_SETUP','',0,0,'LOCAL',14538,'',0,2,0.0,0.0,'a00a_REMOTE_SETUP.20230502094135.out','a00a_REMOTE_SETUP.20230502094135.err',5,'a00a_20220401_fc0_INI','');
INSERT INTO job_data VALUES(3,0,'a00a_20220401_fc0_INI','2023-05-02-09:41:35','2023-05-02-09:57:24',1683013295,1683013295,1683013300,'COMPLETED',2,1,'00:05','debug',0,'2022-04-01 00:00:00','INI','fc0',0,0,'LOCAL',14593,'',0,2,0.0,0.0,'a00a_20220401_fc0_INI.20230502094147.out','a00a_20220401_fc0_INI.20230502094147.err',5,'a00a_20220401_fc0_1_SIM','');
INSERT INTO job_data VALUES(4,0,'a00a_20220401_fc0_1_SIM','2023-05-02-09:41:47','2023-05-02-09:57:36',1683013307,1683013307,1683013312,'COMPLETED',2,1,'00:05','debug',0,'2022-04-01 00:00:00','SIM','fc0',1,0,'LOCAL',14637,'',0,2,0.0,0.0,'a00a_20220401_fc0_1_SIM.20230502094159.out','a00a_20220401_fc0_1_SIM.20230502094159.err',5,'a00a_20220401_fc0_2_SIM','');
INSERT INTO job_data VALUES(5,0,'a00a_20220401_fc0_2_SIM','2023-05-02-09:41:59','2023-05-02-09:57:49',1683013319,1683013319,1683013324,'COMPLETED',2,1,'00:05','debug',0,'2022-04-01 00:00:00','SIM','fc0',2,0,'LOCAL',14684,'',0,2,0.0,0.0,'a00a_20220401_fc0_2_SIM.20230502094211.out','a00a_20220401_fc0_2_SIM.20230502094211.err',5,'a00a_POST','');
INSERT INTO job_data VALUES(6,0,'a00a_POST','2023-05-02-09:42:11','2023-05-02-09:58:01',1683013331,1683013331,1683013336,'COMPLETED',2,1,'00:05','debug',0,'','POST','',0,0,'LOCAL',14722,'',0,2,0.0,0.0,'a00a_POST.20230502094224.out','a00a_POST.20230502094224.err',5,'a00a_CLEAN','');
INSERT INTO job_data VALUES(7,0,'a00a_CLEAN','2023-05-02-09:42:24','2023-05-02-09:58:13',1683013344,1683013344,1683013349,'COMPLETED',2,1,'00:05','debug',0,'','CLEAN','',0,0,'LOCAL',14765,'',0,2,0.0,0.0,'a00a_CLEAN.20230502094236.out','a00a_CLEAN.20230502094236.err',5,'a00a_20220401_fc0_TRANSFER','');
INSERT INTO job_data VALUES(8,0,'a00a_20220401_fc0_TRANSFER','2023-05-02-09:42:36','2023-05-02-09:58:25',1683013356,1683013356,1683013361,'COMPLETED',2,1,'00:00','debug',0,'2022-04-01 00:00:00','TRANSFER','fc0',0,0,'LOCAL',14803,'',0,2,0.0,0.0,'a00a_20220401_fc0_TRANSFER.20230502094248.out','a00a_20220401_fc0_TRANSFER.20230502094248.err',5,'','');
INSERT INTO job_data VALUES(9,1,'a00a_LOCAL_SETUP','2023-05-02-09:52:15','2023-05-02-09:57:00',1683013935,0,0,'SUBMITTED',2,1,'00:00','debug',0,'','LOCAL_SETUP','',0,0,'LOCAL',15539,'',0,3,0.0,0.0,'','',0,'a00a_REMOTE_SETUP','');
INSERT INTO job_data VALUES(10,2,'a00a_LOCAL_SETUP','2023-05-02-09:57:00','2023-05-02-09:59:47',1683014220,1683014220,1683014225,'COMPLETED',2,1,'00:00','debug',0,'','LOCAL_SETUP','',0,0,'LOCAL',15976,'',0,5,0.0,0.0,'a00a_LOCAL_SETUP.20230502095712.out','a00a_LOCAL_SETUP.20230502095712.err',5,'a00a_REMOTE_SETUP','');
INSERT INTO job_data VALUES(11,2,'a00a_REMOTE_SETUP','2023-05-02-09:57:12','2023-05-02-09:59:59',1683014232,1683014232,1683014237,'COMPLETED',2,1,'00:05','debug',0,'','REMOTE_SETUP','',0,0,'LOCAL',16015,'',0,5,0.0,0.0,'a00a_REMOTE_SETUP.20230502095724.out','a00a_REMOTE_SETUP.20230502095724.err',5,'a00a_20220401_fc0_INI','');
INSERT INTO job_data VALUES(12,2,'a00a_20220401_fc0_INI','2023-05-02-09:57:24','2023-05-02-09:57:36',1683014244,1683014244,1683014249,'COMPLETED',2,1,'00:05','debug',0,'2022-04-01 00:00:00','INI','fc0',0,1,'LOCAL',16056,'',0,5,0.0,0.0,'a00a_20220401_fc0_INI.20230502095736.out','a00a_20220401_fc0_INI.20230502095736.err',5,'a00a_20220401_fc0_1_SIM','');
INSERT INTO job_data VALUES(13,2,'a00a_20220401_fc0_1_SIM','2023-05-02-09:57:36','2023-05-02-09:57:48',1683014256,1683014256,1683014261,'COMPLETED',2,1,'00:05','debug',0,'2022-04-01 00:00:00','SIM','fc0',1,1,'LOCAL',16095,'',0,5,0.0,0.0,'a00a_20220401_fc0_1_SIM.20230502095748.out','a00a_20220401_fc0_1_SIM.20230502095748.err',5,'a00a_20220401_fc0_2_SIM','');
INSERT INTO job_data VALUES(14,2,'a00a_20220401_fc0_2_SIM','2023-05-02-09:57:49','2023-05-02-09:58:01',1683014269,1683014269,1683014274,'COMPLETED',2,1,'00:05','debug',0,'2022-04-01 00:00:00','SIM','fc0',2,1,'LOCAL',16137,'',0,5,0.0,0.0,'a00a_20220401_fc0_2_SIM.20230502095801.out','a00a_20220401_fc0_2_SIM.20230502095801.err',5,'a00a_POST','');
INSERT INTO job_data VALUES(15,2,'a00a_POST','2023-05-02-09:58:01','2023-05-02-09:58:13',1683014281,1683014281,1683014286,'COMPLETED',2,1,'00:05','debug',0,'','POST','',0,1,'LOCAL',16179,'',0,5,0.0,0.0,'a00a_POST.20230502095813.out','a00a_POST.20230502095813.err',5,'a00a_CLEAN','');
INSERT INTO job_data VALUES(16,2,'a00a_CLEAN','2023-05-02-09:58:13','2023-05-02-09:58:25',1683014293,1683014293,1683014298,'COMPLETED',2,1,'00:05','debug',0,'','CLEAN','',0,1,'LOCAL',16224,'',0,5,0.0,0.0,'a00a_CLEAN.20230502095825.out','a00a_CLEAN.20230502095825.err',5,'a00a_20220401_fc0_TRANSFER','');
INSERT INTO job_data VALUES(17,2,'a00a_20220401_fc0_TRANSFER','2023-05-02-09:58:25','2023-05-02-09:58:37',1683014305,1683014305,1683014310,'COMPLETED',2,1,'00:00','debug',0,'2022-04-01 00:00:00','TRANSFER','fc0',0,1,'LOCAL',16273,'',0,5,0.0,0.0,'a00a_20220401_fc0_TRANSFER.20230502095837.out','a00a_20220401_fc0_TRANSFER.20230502095837.err',5,'','');
INSERT INTO job_data VALUES(18,3,'a00a_LOCAL_SETUP','2023-05-02-09:59:47','2023-05-02-09:59:59',1683014387,1683014387,1683014392,'COMPLETED',2,1,'00:00','debug',0,'','LOCAL_SETUP','',0,1,'LOCAL',16482,'',0,6,0.0,0.0,'a00a_LOCAL_SETUP.20230502095959.out','a00a_LOCAL_SETUP.20230502095959.err',5,'a00a_REMOTE_SETUP','');
INSERT INTO job_data VALUES(19,3,'a00a_REMOTE_SETUP','2023-05-02-09:59:59','2023-05-02-09:59:59',1683014399,0,0,'SUBMITTED',2,1,'00:05','debug',0,'','REMOTE_SETUP','',0,1,'LOCAL',16517,'',0,6,0.0,0.0,'','',0,'a00a_20220401_fc0_INI','');
DELETE FROM sqlite_sequence;
INSERT INTO sqlite_sequence VALUES('experiment_run',6);
INSERT INTO sqlite_sequence VALUES('job_data',19);
CREATE INDEX ID_JOB_NAME ON job_data(job_name);
COMMIT;
